Date|Active Users|Favorites|Total Visits|Voice Chat|Camera|Date Created|Last Updated|Server Size|Genre|Title|Creator|Age Recommendation|gameID|Category|URL
2024-11-02 23:21:26|8061|268555|223.6M+|Not Supported|Not Supported|4/30/2022|11/1/2024|50|Strategy|2X POINTS CHAPTER IIüéÉ Tower Defense X: BETA|Tower Defense X|All Ages|9503261072|Trending in Obby & Platformer|https://www.roblox.com/games/9503261072/2X-POINTS-CHAPTER-II-Tower-Defense-X-BETA?appliedFilters=device%253Dall%252Cage%253Dall%252Ccountry%253Dall&discoverPageSessionInfo=221216ff-5cc6-4ba4-868b-9f1250059ffb&gameSetTargetId=204&gameSetTypeId=23&isAd=false&nativeAdData=&numberOfLoadedTiles=50&page=gamesPage&placeId=9503261072&playContext=gamesPage&position=19&sortPos=4&universeId=3541611379
2024-11-02 23:21:34|6834|509488|428.4M+|Not Supported|Not Supported|6/23/2021|10/31/2024|25|Roleplay & Avatar Sim|üéÉüçÇ Wild Horse Islands|Happy Acres|All Ages|6989310863|Trending in Obby & Platformer|https://www.roblox.com/games/6989310863/Wild-Horse-Islands?appliedFilters=device%253Dall%252Cage%253Dall%252Ccountry%253Dall&discoverPageSessionInfo=221216ff-5cc6-4ba4-868b-9f1250059ffb&gameSetTargetId=204&gameSetTypeId=23&isAd=false&nativeAdData=&numberOfLoadedTiles=50&page=gamesPage&placeId=6989310863&playContext=gamesPage&position=8&sortPos=4&universeId=2682938349
2024-11-02 23:21:37|532|22422|13.4M+|Not Supported|Not Supported|1/26/2022|11/2/2024|14|Simulation|Tower Creator (Beta)|Boring Tower Studio|All Ages|8646026339|Trending in Obby & Platformer|https://www.roblox.com/games/8646026339/Tower-Creator-Beta?appliedFilters=device%253Dall%252Cage%253Dall%252Ccountry%253Dall&discoverPageSessionInfo=221216ff-5cc6-4ba4-868b-9f1250059ffb&gameSetTargetId=204&gameSetTypeId=23&isAd=false&nativeAdData=&numberOfLoadedTiles=50&page=gamesPage&placeId=8646026339&playContext=gamesPage&position=9&sortPos=4&universeId=3289847355
2024-11-02 23:21:43|29006|5957216|2.9B+|Not Supported|Not Supported|3/21/2018|10/29/2024|6|Simulation|Bee Swarm Simulator|@Onett|All Ages|1537690962|Trending in Obby & Platformer|https://www.roblox.com/games/1537690962/Bee-Swarm-Simulator?appliedFilters=device%253Dall%252Cage%253Dall%252Ccountry%253Dall&discoverPageSessionInfo=221216ff-5cc6-4ba4-868b-9f1250059ffb&gameSetTargetId=204&gameSetTypeId=23&isAd=false&nativeAdData=&numberOfLoadedTiles=50&page=gamesPage&placeId=1537690962&playContext=gamesPage&position=20&sortPos=4&universeId=601130232
2024-11-02 23:21:46|1294|15541|1.8M+|Not Supported|Not Supported|1/19/2023|11/2/2024|8|N/A|Refinery Caves 2 üéÉ|Ziks Dev Team|All Ages|12196278347|Trending in Obby & Platformer|https://www.roblox.com/games/12196278347/Refinery-Caves-2?appliedFilters=device%253Dall%252Cage%253Dall%252Ccountry%253Dall&discoverPageSessionInfo=221216ff-5cc6-4ba4-868b-9f1250059ffb&gameSetTargetId=204&gameSetTypeId=23&isAd=false&nativeAdData=&numberOfLoadedTiles=50&page=gamesPage&placeId=12196278347&playContext=gamesPage&position=22&sortPos=4&universeId=4298676072
2024-11-02 23:21:50|776|94752|19.7M+|Not Supported|Not Supported|9/9/2021|10/31/2024|6|Survival|Piggy: Branched Realities üéÉ [HALLOWEEN]|Branched Realities|All Ages|7434630138|Trending in Obby & Platformer|https://www.roblox.com/games/7434630138/Piggy-Branched-Realities-HALLOWEEN?appliedFilters=device%253Dall%252Cage%253Dall%252Ccountry%253Dall&discoverPageSessionInfo=221216ff-5cc6-4ba4-868b-9f1250059ffb&gameSetTargetId=204&gameSetTypeId=23&isAd=false&nativeAdData=&numberOfLoadedTiles=50&page=gamesPage&placeId=7434630138&playContext=gamesPage&position=23&sortPos=4&universeId=2896526455
2024-11-02 23:21:54|62|20240|7.4M+|Not Supported|Not Supported|7/2/2016|11/1/2024|200|Entertainment|Aircraft Development|Pilot Training Club|All Ages|447213146|Trending in Obby & Platformer|https://www.roblox.com/games/447213146/Aircraft-Development?appliedFilters=device%253Dall%252Cage%253Dall%252Ccountry%253Dall&discoverPageSessionInfo=221216ff-5cc6-4ba4-868b-9f1250059ffb&gameSetTargetId=204&gameSetTypeId=23&isAd=false&nativeAdData=&numberOfLoadedTiles=50&page=gamesPage&placeId=447213146&playContext=gamesPage&position=21&sortPos=4&universeId=170935858
2024-11-02 23:21:57|484|45715|22.3M+|Not Supported|Not Supported|4/27/2021|11/2/2024|30|Sports & Racing|Beyond Volleyball League|Beyond Volleyball League|All Ages|6734275465|Trending in Obby & Platformer|https://www.roblox.com/games/6734275465/Beyond-Volleyball-League?appliedFilters=device%253Dall%252Cage%253Dall%252Ccountry%253Dall&discoverPageSessionInfo=221216ff-5cc6-4ba4-868b-9f1250059ffb&gameSetTargetId=204&gameSetTypeId=23&isAd=false&nativeAdData=&numberOfLoadedTiles=50&page=gamesPage&placeId=6734275465&playContext=gamesPage&position=40&sortPos=4&universeId=2547466305
2024-11-02 23:22:01|353|8775|3.5M+|Not Supported|Not Supported|10/22/2023|10/30/2024|50|Sports & Racing|[BETA] Freestyle Football|Promise Development|All Ages|15133985014|Trending in Obby & Platformer|https://www.roblox.com/games/15133985014/BETA-Freestyle-Football?appliedFilters=device%253Dall%252Cage%253Dall%252Ccountry%253Dall&discoverPageSessionInfo=221216ff-5cc6-4ba4-868b-9f1250059ffb&gameSetTargetId=204&gameSetTypeId=23&isAd=false&nativeAdData=&numberOfLoadedTiles=50&page=gamesPage&placeId=15133985014&playContext=gamesPage&position=33&sortPos=4&universeId=5215846239
2024-11-02 23:22:05|29075|282517|509.6M+|Not Supported|Not Supported|3/25/2023|11/1/2024|26|Strategy|[üëªEVENT + ‚öîÔ∏èCLAN WARS + x4] Anime Last Stand|[B:S] ALS Team|All Ages|12886143095|Trending in Obby & Platformer|https://www.roblox.com/games/12886143095/EVENT-CLAN-WARS-x4-Anime-Last-Stand?appliedFilters=device%253Dall%252Cage%253Dall%252Ccountry%253Dall&discoverPageSessionInfo=221216ff-5cc6-4ba4-868b-9f1250059ffb&gameSetTargetId=204&gameSetTypeId=23&isAd=false&nativeAdData=&numberOfLoadedTiles=50&page=gamesPage&placeId=12886143095&playContext=gamesPage&position=0&sortPos=4&universeId=4509896324
2024-11-02 23:22:10|13314|67958|76.1M+|Not Supported|Not Supported|6/21/2024|11/2/2024|25|Simulation|[üéÉ] Anime Card Battle|Kung Fu Cat Panda Pepper|All Ages|18138547215|Trending in Obby & Platformer|https://www.roblox.com/games/18138547215/Anime-Card-Battle?appliedFilters=device%253Dall%252Cage%253Dall%252Ccountry%253Dall&discoverPageSessionInfo=221216ff-5cc6-4ba4-868b-9f1250059ffb&gameSetTargetId=204&gameSetTypeId=23&isAd=false&nativeAdData=&numberOfLoadedTiles=50&page=gamesPage&placeId=18138547215&playContext=gamesPage&position=6&sortPos=4&universeId=6149138290
2024-11-02 23:22:14|1130|6760|11.9M+|Not Supported|Not Supported|6/6/2023|6/29/2024|10|Sports & Racing|The Classic Soccer|@guigoals|All Ages|13664698400|Trending in Obby & Platformer|https://www.roblox.com/games/13664698400/The-Classic-Soccer?appliedFilters=device%253Dall%252Cage%253Dall%252Ccountry%253Dall&discoverPageSessionInfo=221216ff-5cc6-4ba4-868b-9f1250059ffb&gameSetTargetId=204&gameSetTypeId=23&isAd=false&nativeAdData=&numberOfLoadedTiles=50&page=gamesPage&placeId=13664698400&playContext=gamesPage&position=15&sortPos=4&universeId=4743794878
2024-11-02 23:22:18|765|48409|11.5M+|Not Supported|Not Supported|11/8/2023|11/2/2024|30|Simulation|[10M EVENT!] Fortunes End [RNG]|SL Lab|All Ages|15296932900|Trending in Obby & Platformer|https://www.roblox.com/games/15296932900/10M-EVENT-Fortunes-End-RNG?appliedFilters=device%253Dall%252Cage%253Dall%252Ccountry%253Dall&discoverPageSessionInfo=221216ff-5cc6-4ba4-868b-9f1250059ffb&gameSetTargetId=204&gameSetTypeId=23&isAd=false&nativeAdData=&numberOfLoadedTiles=50&page=gamesPage&placeId=15296932900&playContext=gamesPage&position=5&sortPos=4&universeId=5275559565
2024-11-02 23:22:22|5123|278127|158.4M+|Not Supported|Not Supported|2/21/2022|10/30/2024|12|Simulation|Collect All Pets!|@TwoZoos|All Ages|8884433153|Trending in Obby & Platformer|https://www.roblox.com/games/8884433153/Collect-All-Pets?appliedFilters=device%253Dall%252Cage%253Dall%252Ccountry%253Dall&discoverPageSessionInfo=221216ff-5cc6-4ba4-868b-9f1250059ffb&gameSetTargetId=204&gameSetTypeId=23&isAd=false&nativeAdData=&numberOfLoadedTiles=50&page=gamesPage&placeId=8884433153&playContext=gamesPage&position=25&sortPos=4&universeId=3359505957
2024-11-02 23:22:26|62845|1123745|5.0B+|Not Supported|Not Supported|6/17/2023|11/1/2024|30|Strategy|[‚è≥] Toilet Tower Defense|Telanthric Development|All Ages|13775256536|Trending in Obby & Platformer|https://www.roblox.com/games/13775256536/Toilet-Tower-Defense?appliedFilters=device%253Dall%252Cage%253Dall%252Ccountry%253Dall&discoverPageSessionInfo=221216ff-5cc6-4ba4-868b-9f1250059ffb&gameSetTargetId=204&gameSetTypeId=23&isAd=false&nativeAdData=&numberOfLoadedTiles=50&page=gamesPage&placeId=13775256536&playContext=gamesPage&position=31&sortPos=4&universeId=4778845442
2024-11-02 23:22:30|2296|256382|58.0M+|Not Supported|Not Supported|9/1/2023|11/2/2024|18|Strategy|[üíé2X] Titan Tower Defense|[What A Game]|All Ages|14641667067|Trending in Obby & Platformer|https://www.roblox.com/games/14641667067/2X-Titan-Tower-Defense?appliedFilters=device%253Dall%252Cage%253Dall%252Ccountry%253Dall&discoverPageSessionInfo=221216ff-5cc6-4ba4-868b-9f1250059ffb&gameSetTargetId=204&gameSetTypeId=23&isAd=false&nativeAdData=&numberOfLoadedTiles=50&page=gamesPage&placeId=14641667067&playContext=gamesPage&position=13&sortPos=4&universeId=5049569843
2024-11-02 23:22:35|22050|539637|313.1M+|Not Supported|Not Supported|9/12/2018|11/2/2024|10|Sports & Racing|[üéÉ] NFL Universe Football|NFL Universe Football by Voldex|All Ages|2338325648|Trending in Obby & Platformer|https://www.roblox.com/games/2338325648/NFL-Universe-Football?appliedFilters=device%253Dall%252Cage%253Dall%252Ccountry%253Dall&discoverPageSessionInfo=221216ff-5cc6-4ba4-868b-9f1250059ffb&gameSetTargetId=204&gameSetTypeId=23&isAd=false&nativeAdData=&numberOfLoadedTiles=50&page=gamesPage&placeId=2338325648&playContext=gamesPage&position=41&sortPos=4&universeId=184199275
2024-11-02 23:22:39|455|2171896|545.5M+|Not Supported|Not Supported|4/13/2017|10/23/2024|20|Obby & Platformer|FLOOD ESCAPE 2 üåä|Crazyblox Games|All Ages|738339342|Trending in Obby & Platformer|https://www.roblox.com/games/738339342/FLOOD-ESCAPE-2?appliedFilters=device%253Dall%252Cage%253Dall%252Ccountry%253Dall&discoverPageSessionInfo=221216ff-5cc6-4ba4-868b-9f1250059ffb&gameSetTargetId=204&gameSetTypeId=23&isAd=false&nativeAdData=&numberOfLoadedTiles=50&page=gamesPage&placeId=738339342&playContext=gamesPage&position=36&sortPos=4&universeId=323675642
2024-11-02 23:22:43|14479|13222822|10.0B+|Not Supported|Not Supported|4/10/2017|11/2/2024|16|Roleplay & Avatar Sim|RoyaleüéÉHigh|@callmehbob|All Ages|735030788|Trending in Obby & Platformer|https://www.roblox.com/games/735030788/Royale-High?appliedFilters=device%253Dall%252Cage%253Dall%252Ccountry%253Dall&discoverPageSessionInfo=221216ff-5cc6-4ba4-868b-9f1250059ffb&gameSetTargetId=204&gameSetTypeId=23&isAd=false&nativeAdData=&numberOfLoadedTiles=50&page=gamesPage&placeId=735030788&playContext=gamesPage&position=37&sortPos=4&universeId=321778215
2024-11-02 23:22:47|175617|27003795|37.7B+|Not Supported|Not Supported|7/15/2017|11/2/2024|48|Roleplay & Avatar Sim|Adopt Me!|Uplift Games|All Ages|920587237|Trending in Obby & Platformer|https://www.roblox.com/games/920587237/Adopt-Me?appliedFilters=device%253Dall%252Cage%253Dall%252Ccountry%253Dall&discoverPageSessionInfo=221216ff-5cc6-4ba4-868b-9f1250059ffb&gameSetTargetId=204&gameSetTypeId=23&isAd=false&nativeAdData=&numberOfLoadedTiles=50&page=gamesPage&placeId=920587237&playContext=gamesPage&position=7&sortPos=4&universeId=383310974
2024-11-02 23:22:51|329|269726|30.1M+|Not Supported|Not Supported|5/14/2023|10/14/2024|8|Sports & Racing|MPS 4-a-side|MPS Studi–æs|All Ages|13436905139|Trending in Obby & Platformer|https://www.roblox.com/games/13436905139/MPS-4-a-side?appliedFilters=device%253Dall%252Cage%253Dall%252Ccountry%253Dall&discoverPageSessionInfo=221216ff-5cc6-4ba4-868b-9f1250059ffb&gameSetTargetId=204&gameSetTypeId=23&isAd=false&nativeAdData=&numberOfLoadedTiles=50&page=gamesPage&placeId=13436905139&playContext=gamesPage&position=49&sortPos=4&universeId=4675711088
2024-11-02 23:22:54|599|51604|18.9M+|Not Supported|Not Supported|1/25/2020|11/2/2024|20|Simulation|[765 MINI UPDATE]üî®RO-Scale Sandboxüî®|Rock Fort Lines|All Ages|4629209674|Trending in Obby & Platformer|https://www.roblox.com/games/4629209674/765-MINI-UPDATE-RO-Scale-Sandbox?appliedFilters=device%253Dall%252Cage%253Dall%252Ccountry%253Dall&discoverPageSessionInfo=221216ff-5cc6-4ba4-868b-9f1250059ffb&gameSetTargetId=204&gameSetTypeId=23&isAd=false&nativeAdData=&numberOfLoadedTiles=50&page=gamesPage&placeId=4629209674&playContext=gamesPage&position=24&sortPos=4&universeId=1520491885
2024-11-02 23:22:58|1472|22210|61.7M+|Not Supported|Not Supported|12/6/2023|11/2/2024|50|Strategy|[ NIGHTMARE ] Toilet Verse Tower Defense|Toilet Verse|All Ages|15560168390|Trending in Obby & Platformer|https://www.roblox.com/games/15560168390/NIGHTMARE-Toilet-Verse-Tower-Defense?appliedFilters=device%253Dall%252Cage%253Dall%252Ccountry%253Dall&discoverPageSessionInfo=221216ff-5cc6-4ba4-868b-9f1250059ffb&gameSetTargetId=204&gameSetTypeId=23&isAd=false&nativeAdData=&numberOfLoadedTiles=50&page=gamesPage&placeId=15560168390&playContext=gamesPage&position=38&sortPos=4&universeId=5371127625
2024-11-02 23:23:02|1201|71187|41.9M+|Not Supported|Not Supported|1/17/2022|11/2/2024|1|Obby & Platformer|[üåå ZONE 9!!! ‚òÑÔ∏è] Jukes Towers of Hell|Jukes Towers of Hell|All Ages|8562822414|Trending in Obby & Platformer|https://www.roblox.com/games/8562822414/ZONE-9-Jukes-Towers-of-Hell?appliedFilters=device%253Dall%252Cage%253Dall%252Ccountry%253Dall&discoverPageSessionInfo=221216ff-5cc6-4ba4-868b-9f1250059ffb&gameSetTargetId=204&gameSetTypeId=23&isAd=false&nativeAdData=&numberOfLoadedTiles=50&page=gamesPage&placeId=8562822414&playContext=gamesPage&position=11&sortPos=4&universeId=3264581003
2024-11-02 23:23:06|663|111019|25.7M+|Not Supported|Not Supported|1/20/2020|11/2/2024|50|Roleplay & Avatar Sim|[üéÉ] Undertale RP: Crossing Timelines|Team Genesis Studios|All Ages|4614624330|Trending in Obby & Platformer|https://www.roblox.com/games/4614624330/Undertale-RP-Crossing-Timelines?appliedFilters=device%253Dall%252Cage%253Dall%252Ccountry%253Dall&discoverPageSessionInfo=221216ff-5cc6-4ba4-868b-9f1250059ffb&gameSetTargetId=204&gameSetTypeId=23&isAd=false&nativeAdData=&numberOfLoadedTiles=50&page=gamesPage&placeId=4614624330&playContext=gamesPage&position=46&sortPos=4&universeId=1510657031
2024-11-02 23:23:10|486|53108|32.3M+|Not Supported|Not Supported|9/6/2020|10/27/2024|40|Strategy|World Tower Defense [v1.12.1]|Select an Image from Your Computer Studios|All Ages|5656754541|Trending in Obby & Platformer|https://www.roblox.com/games/5656754541/World-Tower-Defense-v1-12-1?appliedFilters=device%253Dall%252Cage%253Dall%252Ccountry%253Dall&discoverPageSessionInfo=221216ff-5cc6-4ba4-868b-9f1250059ffb&gameSetTargetId=204&gameSetTypeId=23&isAd=false&nativeAdData=&numberOfLoadedTiles=50&page=gamesPage&placeId=5656754541&playContext=gamesPage&position=1&sortPos=4&universeId=1990050272
2024-11-02 23:23:14|10776|1303954|112.1M+|Not Supported|Not Supported|12/21/2023|11/2/2024|45|Roleplay & Avatar Sim|NEWüåü Horse Life üêé|Sonar Studios|All Ages|15696848933|Trending in Obby & Platformer|https://www.roblox.com/games/15696848933/NEW-Horse-Life?appliedFilters=device%253Dall%252Cage%253Dall%252Ccountry%253Dall&discoverPageSessionInfo=221216ff-5cc6-4ba4-868b-9f1250059ffb&gameSetTargetId=204&gameSetTypeId=23&isAd=false&nativeAdData=&numberOfLoadedTiles=50&page=gamesPage&placeId=15696848933&playContext=gamesPage&position=27&sortPos=4&universeId=5422546686
2024-11-02 23:23:18|885|503668|86.2M+|Not Supported|Not Supported|1/8/2020|11/2/2024|50|Roleplay & Avatar Sim|[ü©∏&üî•] Anomic|Anomic Studios|All Ages|4581966615|Trending in Obby & Platformer|https://www.roblox.com/games/4581966615/Anomic?appliedFilters=device%253Dall%252Cage%253Dall%252Ccountry%253Dall&discoverPageSessionInfo=221216ff-5cc6-4ba4-868b-9f1250059ffb&gameSetTargetId=204&gameSetTypeId=23&isAd=false&nativeAdData=&numberOfLoadedTiles=50&page=gamesPage&placeId=4581966615&playContext=gamesPage&position=48&sortPos=4&universeId=1490130369
2024-11-02 23:23:22|1137|311049|170.1M+|Not Supported|Not Supported|11/23/2008|11/2/2024|8|Sports & Racing|TPS: Ultimate Soccer|@TAYFUN7|All Ages|5783581|Trending in Obby & Platformer|https://www.roblox.com/games/5783581/TPS-Ultimate-Soccer?appliedFilters=device%253Dall%252Cage%253Dall%252Ccountry%253Dall&discoverPageSessionInfo=221216ff-5cc6-4ba4-868b-9f1250059ffb&gameSetTargetId=204&gameSetTypeId=23&isAd=false&nativeAdData=&numberOfLoadedTiles=50&page=gamesPage&placeId=5783581&playContext=gamesPage&position=28&sortPos=4&universeId=106086152
2024-11-02 23:23:25|31814|239697|404.6M+|Not Supported|Not Supported|1/3/2024|11/2/2024|20|Strategy|Five Nights TD [COUNTDOWN‚åõ]|Hyper TD|All Ages|15846919378|Trending in Obby & Platformer|https://www.roblox.com/games/15846919378/Five-Nights-TD-COUNTDOWN?appliedFilters=device%253Dall%252Cage%253Dall%252Ccountry%253Dall&discoverPageSessionInfo=221216ff-5cc6-4ba4-868b-9f1250059ffb&gameSetTargetId=204&gameSetTypeId=23&isAd=false&nativeAdData=&numberOfLoadedTiles=50&page=gamesPage&placeId=15846919378&playContext=gamesPage&position=10&sortPos=4&universeId=5479908441
2024-11-02 23:23:29|8797|277126|212.7M+|Not Supported|Not Supported|6/5/2021|11/2/2024|1|Simulation|(UPDATE) Car Driving Indonesia|@Pengemudiindonesiaa|All Ages|6911148748|Trending in Obby & Platformer|https://www.roblox.com/games/6911148748/UPDATE-Car-Driving-Indonesia?appliedFilters=device%253Dall%252Cage%253Dall%252Ccountry%253Dall&discoverPageSessionInfo=221216ff-5cc6-4ba4-868b-9f1250059ffb&gameSetTargetId=204&gameSetTypeId=23&isAd=false&nativeAdData=&numberOfLoadedTiles=50&page=gamesPage&placeId=6911148748&playContext=gamesPage&position=4&sortPos=4&universeId=2640407187
2024-11-02 23:23:34|1391|592290|116.3M+|Not Supported|Not Supported|6/21/2019|11/2/2024|16|Sports & Racing|[NEW MAP+KITS!] Midnight Racing: Tokyo|devGem|All Ages|3339374541|Trending in Obby & Platformer|https://www.roblox.com/games/3339374541/NEW-MAP-KITS-Midnight-Racing-Tokyo?appliedFilters=device%253Dall%252Cage%253Dall%252Ccountry%253Dall&discoverPageSessionInfo=221216ff-5cc6-4ba4-868b-9f1250059ffb&gameSetTargetId=204&gameSetTypeId=23&isAd=false&nativeAdData=&numberOfLoadedTiles=50&page=gamesPage&placeId=3339374541&playContext=gamesPage&position=29&sortPos=4&universeId=1198533421
2024-11-02 23:23:38|76337|685600|3.0B+|Not Supported|Not Supported|4/5/2024|11/2/2024|30|Strategy|[üéÑRED ONE] Anime Defenders|Small World Games x Anime Defenders|All Ages|17017769292|Trending in Obby & Platformer|https://www.roblox.com/games/17017769292/RED-ONE-Anime-Defenders?appliedFilters=device%253Dall%252Cage%253Dall%252Ccountry%253Dall&discoverPageSessionInfo=221216ff-5cc6-4ba4-868b-9f1250059ffb&gameSetTargetId=204&gameSetTypeId=23&isAd=false&nativeAdData=&numberOfLoadedTiles=50&page=gamesPage&placeId=17017769292&playContext=gamesPage&position=12&sortPos=4&universeId=5836869368
2024-11-02 23:23:42|22609|634812|764.3M+|Not Supported|Not Supported|12/3/2023|11/2/2024|20|Simulation|Sols RNG [Era 9]|sols studio|All Ages|15532962292|Trending in Obby & Platformer|https://www.roblox.com/games/15532962292/Sols-RNG-Era-9?appliedFilters=device%253Dall%252Cage%253Dall%252Ccountry%253Dall&discoverPageSessionInfo=221216ff-5cc6-4ba4-868b-9f1250059ffb&gameSetTargetId=204&gameSetTypeId=23&isAd=false&nativeAdData=&numberOfLoadedTiles=50&page=gamesPage&placeId=15532962292&playContext=gamesPage&position=18&sortPos=4&universeId=5361032378
2024-11-02 23:23:46|50235|3092195|3.6B+|Not Supported|Not Supported|6/5/2019|11/2/2024|30|Strategy|üéÉNIGHT 3üéÉ Tower Defense Simulator|Paradoxum Games|All Ages|3260590327|Trending in Obby & Platformer|https://www.roblox.com/games/3260590327/NIGHT-3-Tower-Defense-Simulator?appliedFilters=device%253Dall%252Cage%253Dall%252Ccountry%253Dall&discoverPageSessionInfo=221216ff-5cc6-4ba4-868b-9f1250059ffb&gameSetTargetId=204&gameSetTypeId=23&isAd=false&nativeAdData=&numberOfLoadedTiles=50&page=gamesPage&placeId=3260590327&playContext=gamesPage&position=2&sortPos=4&universeId=1176784616
2024-11-02 23:23:49|91137|598244|580.8M+|Not Supported|Not Supported|1/28/2024|11/2/2024|24|Strategy|[UPDATE 1] Anime Vanguards|Kitawari|All Ages|16146832113|Trending in Obby & Platformer|https://www.roblox.com/games/16146832113/UPDATE-1-Anime-Vanguards?appliedFilters=device%253Dall%252Cage%253Dall%252Ccountry%253Dall&discoverPageSessionInfo=221216ff-5cc6-4ba4-868b-9f1250059ffb&gameSetTargetId=204&gameSetTypeId=23&isAd=false&nativeAdData=&numberOfLoadedTiles=50&page=gamesPage&placeId=16146832113&playContext=gamesPage&position=16&sortPos=4&universeId=5578556129
2024-11-02 23:23:53|10782|1806190|545.7M+|Not Supported|Not Supported|11/24/2023|10/31/2024|50|Strategy|[üéÉ UPD] Skibidi Tower Defense|SuperSkibidi Games|All Ages|15444929588|Trending in Obby & Platformer|https://www.roblox.com/games/15444929588/UPD-Skibidi-Tower-Defense?appliedFilters=device%253Dall%252Cage%253Dall%252Ccountry%253Dall&discoverPageSessionInfo=221216ff-5cc6-4ba4-868b-9f1250059ffb&gameSetTargetId=204&gameSetTypeId=23&isAd=false&nativeAdData=&numberOfLoadedTiles=50&page=gamesPage&placeId=15444929588&playContext=gamesPage&position=44&sortPos=4&universeId=5329077236
2024-11-02 23:23:57|950|207055|155.9M+|Not Supported|Not Supported|9/25/2020|10/13/2024|150|Strategy|Noobs in Combat v5.6|Scuffed projects|All Ages|5734383673|Trending in Obby & Platformer|https://www.roblox.com/games/5734383673/Noobs-in-Combat-v5-6?appliedFilters=device%253Dall%252Cage%253Dall%252Ccountry%253Dall&discoverPageSessionInfo=221216ff-5cc6-4ba4-868b-9f1250059ffb&gameSetTargetId=204&gameSetTypeId=23&isAd=false&nativeAdData=&numberOfLoadedTiles=50&page=gamesPage&placeId=5734383673&playContext=gamesPage&position=39&sortPos=4&universeId=2033000034
2024-11-02 23:24:01|224|16727|10.3M+|Not Supported|Not Supported|9/20/2023|10/29/2024|15|Simulation|Blue Train With Friends: Definitive Edition|Blue Train With Friends Dev Team|All Ages|14827929350|Trending in Obby & Platformer|https://www.roblox.com/games/14827929350/Blue-Train-With-Friends-Definitive-Edition?appliedFilters=device%253Dall%252Cage%253Dall%252Ccountry%253Dall&discoverPageSessionInfo=221216ff-5cc6-4ba4-868b-9f1250059ffb&gameSetTargetId=204&gameSetTypeId=23&isAd=false&nativeAdData=&numberOfLoadedTiles=50&page=gamesPage&placeId=14827929350&playContext=gamesPage&position=35&sortPos=4&universeId=5109617119
2024-11-02 23:24:05|463|8057|1.5M+|Not Supported|Not Supported|5/22/2024|11/2/2024|45|Social|Hutan [Voice Chat]|@SynthDan|All Ages|17577256698|Trending in Obby & Platformer|https://www.roblox.com/games/17577256698/Hutan-Voice-Chat?appliedFilters=device%253Dall%252Cage%253Dall%252Ccountry%253Dall&discoverPageSessionInfo=221216ff-5cc6-4ba4-868b-9f1250059ffb&gameSetTargetId=204&gameSetTypeId=23&isAd=false&nativeAdData=&numberOfLoadedTiles=50&page=gamesPage&placeId=17577256698&playContext=gamesPage&position=47&sortPos=4&universeId=6017624138
2024-11-02 23:24:09|3003|842974|500.3M+|Not Supported|Not Supported|1/16/2022|11/2/2024|12|Simulation|[UPD] Weapon Fighting Simulator [3xüéÉ]|Lightning Dragon Studio|All Ages|8554378337|Trending in Obby & Platformer|https://www.roblox.com/games/8554378337/UPD-Weapon-Fighting-Simulator-3x?appliedFilters=device%253Dall%252Cage%253Dall%252Ccountry%253Dall&discoverPageSessionInfo=221216ff-5cc6-4ba4-868b-9f1250059ffb&gameSetTargetId=204&gameSetTypeId=23&isAd=false&nativeAdData=&numberOfLoadedTiles=50&page=gamesPage&placeId=8554378337&playContext=gamesPage&position=26&sortPos=4&universeId=3262314006
2024-11-02 23:24:13|1298|50619|30.3M+|Not Supported|Not Supported|11/16/2023|10/27/2024|10|Simulation|[üéÉHALLOWEEN] Anime Souls Simulator X|Mark-6|All Ages|15367026228|Trending in Obby & Platformer|https://www.roblox.com/games/15367026228/HALLOWEEN-Anime-Souls-Simulator-X?appliedFilters=device%253Dall%252Cage%253Dall%252Ccountry%253Dall&discoverPageSessionInfo=221216ff-5cc6-4ba4-868b-9f1250059ffb&gameSetTargetId=204&gameSetTypeId=23&isAd=false&nativeAdData=&numberOfLoadedTiles=50&page=gamesPage&placeId=15367026228&playContext=gamesPage&position=43&sortPos=4&universeId=5300677688
2024-11-02 23:24:17|555|4365|1.1M+|Not Supported|Not Supported|8/15/2024|11/2/2024|1|Simulation|Baldis Basics Maker 2 [v1.5]|axes games n stuff|All Ages|18958448713|Trending in Obby & Platformer|https://www.roblox.com/games/18958448713/Baldis-Basics-Maker-2-v1-5?appliedFilters=device%253Dall%252Cage%253Dall%252Ccountry%253Dall&discoverPageSessionInfo=221216ff-5cc6-4ba4-868b-9f1250059ffb&gameSetTargetId=204&gameSetTypeId=23&isAd=false&nativeAdData=&numberOfLoadedTiles=50&page=gamesPage&placeId=18958448713&playContext=gamesPage&position=34&sortPos=4&universeId=6420997980
2024-11-02 23:24:20|499|87370|13.7M+|Not Supported|Not Supported|9/6/2022|10/29/2024|1|Strategy|The Battle Bricks|Tumore|All Ages|10834586502|Trending in Obby & Platformer|https://www.roblox.com/games/10834586502/The-Battle-Bricks?appliedFilters=device%253Dall%252Cage%253Dall%252Ccountry%253Dall&discoverPageSessionInfo=221216ff-5cc6-4ba4-868b-9f1250059ffb&gameSetTargetId=204&gameSetTypeId=23&isAd=false&nativeAdData=&numberOfLoadedTiles=50&page=gamesPage&placeId=10834586502&playContext=gamesPage&position=17&sortPos=4&universeId=3913007563
2024-11-02 23:24:24|3146|738912|276.3M+|Not Supported|Not Supported|8/2/2023|11/2/2024|50|Strategy|[CURSED SEASON] Skibi Defense|Archkos Studios|All Ages|14279693118|Trending in Obby & Platformer|https://www.roblox.com/games/14279693118/CURSED-SEASON-Skibi-Defense?appliedFilters=device%253Dall%252Cage%253Dall%252Ccountry%253Dall&discoverPageSessionInfo=221216ff-5cc6-4ba4-868b-9f1250059ffb&gameSetTargetId=204&gameSetTypeId=23&isAd=false&nativeAdData=&numberOfLoadedTiles=50&page=gamesPage&placeId=14279693118&playContext=gamesPage&position=32&sortPos=4&universeId=4938220315
2024-11-02 23:24:28|748|116388|65.4M+|Not Supported|Not Supported|8/12/2020|11/2/2024|45|Strategy|Critical Tower Defense|@jirattthee|All Ages|5543622168|Trending in Obby & Platformer|https://www.roblox.com/games/5543622168/Critical-Tower-Defense?appliedFilters=device%253Dall%252Cage%253Dall%252Ccountry%253Dall&discoverPageSessionInfo=221216ff-5cc6-4ba4-868b-9f1250059ffb&gameSetTargetId=204&gameSetTypeId=23&isAd=false&nativeAdData=&numberOfLoadedTiles=50&page=gamesPage&placeId=5543622168&playContext=gamesPage&position=14&sortPos=4&universeId=1937412040
2024-11-02 23:24:31|1012|64357|23.1M+|Not Supported|Not Supported|4/6/2022|10/11/2024|8|Simulation|[AWAKENING] üå± Grass Cutting Incremental üå±|@LethalDolphin|All Ages|9292879820|Trending in Obby & Platformer|https://www.roblox.com/games/9292879820/AWAKENING-Grass-Cutting-Incremental?appliedFilters=device%253Dall%252Cage%253Dall%252Ccountry%253Dall&discoverPageSessionInfo=221216ff-5cc6-4ba4-868b-9f1250059ffb&gameSetTargetId=204&gameSetTypeId=23&isAd=false&nativeAdData=&numberOfLoadedTiles=50&page=gamesPage&placeId=9292879820&playContext=gamesPage&position=3&sortPos=4&universeId=3478678937
2024-11-02 23:24:35|1590|526673|963.2M+|Not Supported|Not Supported|11/1/2020|11/1/2024|35|Strategy|[üéÉ] Ultimate Tower Defense|Ghostworks|All Ages|5902977746|Trending in Obby & Platformer|https://www.roblox.com/games/5902977746/Ultimate-Tower-Defense?appliedFilters=device%253Dall%252Cage%253Dall%252Ccountry%253Dall&discoverPageSessionInfo=221216ff-5cc6-4ba4-868b-9f1250059ffb&gameSetTargetId=204&gameSetTypeId=23&isAd=false&nativeAdData=&numberOfLoadedTiles=50&page=gamesPage&placeId=5902977746&playContext=gamesPage&position=30&sortPos=4&universeId=2114144926
2024-11-02 23:24:40|273|11386|2.7M+|Not Supported|Not Supported|5/23/2024|11/2/2024|80|Social|üéÉStepUp [Beta]üéÉ|Spoky_Games|All Ages|17582197315|Trending in Obby & Platformer|https://www.roblox.com/games/17582197315/StepUp-Beta?appliedFilters=device%253Dall%252Cage%253Dall%252Ccountry%253Dall&discoverPageSessionInfo=221216ff-5cc6-4ba4-868b-9f1250059ffb&gameSetTargetId=204&gameSetTypeId=23&isAd=false&nativeAdData=&numberOfLoadedTiles=50&page=gamesPage&placeId=17582197315&playContext=gamesPage&position=45&sortPos=4&universeId=6019219746
2024-11-02 23:24:43|4594|1094155|361.9M+|Not Supported|Not Supported|7/17/2014|11/1/2024|11|Simulation|üî®Plane Crazyüî® [UPDATE]|Plane Crazy Developers|All Ages|166986752|Trending in Obby & Platformer|https://www.roblox.com/games/166986752/Plane-Crazy-UPDATE?appliedFilters=device%253Dall%252Cage%253Dall%252Ccountry%253Dall&discoverPageSessionInfo=221216ff-5cc6-4ba4-868b-9f1250059ffb&gameSetTargetId=204&gameSetTypeId=23&isAd=false&nativeAdData=&numberOfLoadedTiles=50&page=gamesPage&placeId=166986752&playContext=gamesPage&position=42&sortPos=4&universeId=79301772
